/*Table structure for table `cpar_main` */

DROP TABLE IF EXISTS `cpar_main`;

CREATE TABLE `cpar_main` (
  `id` varchar(13) NOT NULL,
  `series_no` int(255) NOT NULL,
  `title` text NOT NULL,
  `type` int(1) NOT NULL,
  `raised_as_a_result_of` int(11) NOT NULL,
  `process` int(11) NOT NULL,
  `details` text,
  `justification` text,
  `references` text,
  `addressee` int(255) NOT NULL,
  `requestor` int(255) NOT NULL,
  `status` int(1) NOT NULL,
  `sub_status` varchar(50) NOT NULL,
  `date_due` date DEFAULT NULL,
  `pb_user` int(255) DEFAULT NULL,
  `pb_date` date DEFAULT NULL,
  `pb_remarks` varchar(255) DEFAULT NULL,
  `is_deleted` tinyint(1) NOT NULL DEFAULT '0',
  `created_date` datetime DEFAULT NULL,
  `updated_by` int(13) DEFAULT NULL,
  `updated_date` datetime DEFAULT NULL,
  PRIMARY KEY (`id`)
) ENGINE=InnoDB DEFAULT CHARSET=latin1;

/*Data for the table `cpar_main` */

insert  into `cpar_main`(`id`,`series_no`,`title`,`type`,`raised_as_a_result_of`,`process`,`details`,`justification`,`references`,`addressee`,`requestor`,`status`,`sub_status`,`date_due`,`pb_user`,`pb_date`,`pb_remarks`,`is_deleted`,`created_date`,`updated_by`,`updated_date`) values ('CAR_2014_0003',3,'This is an awesome title but a little long... (updated)',1,8,3,'Lorem ipsum dolor sit amet, consectetur adipiscing elit, sed do eiusmod tempor incididunt ut labore et dolore magna aliqua. Ut enim ad minim veniam, quis nostrud exercitation ullamco laboris nisi ut aliquip ex ea commodo consequat. Duis aute irure dolor i','Lorem ipsum dolor sit amet, consectetur adipiscing elit, sed do eiusmod tempor incididunt ut labore et dolore magna aliqua. Ut enim ad minim veniam, quis nostrud exercitation ullamco laboris nisi ut aliquip ex ea commodo consequat. Duis aute irure dolor i','Lorem ipsum dolor sit amet, consectetur adipiscing elit, sed do eiusmod tempor incididunt ut labore et dolore magna aliqua. Ut enim ad minim veniam, quis nostrud exercitation ullamco laboris nisi ut aliquip ex ea commodo consequat. Duis aute irure dolor i',18,5,1,'Draft',NULL,NULL,NULL,NULL,0,'2014-09-21 21:52:44',5,'2014-09-25 15:48:00'),('CAR_2014_0004',4,'Lorem ipsum dolor sit amet, consectetur adipiscing elit, sed do eiusmod tempor incididunt ut labore et dolore magna aliqua. Ut enim ad minim veniam, quis nostrud exercitation ullamco laboris nisi ut aliquip ex ea commodo consequat. Duis aute irure dolor in reprehenderit in voluptate velit esse cillum dolore eu fugiat nulla pariatur. Excepteur sint occaecat cupidatat non proident, sunt in culpa qui officia deserunt mollit anim id est laborum.Lorem ipsum dolor sit amet, consectetur adipiscing elit, sed do eiureprehenderit in voluptate velit esse cillum dolore eu fugiat nulpa qui officia deserunt mollit anim id est laborum. ncididunt ut labore et dolore magna aliqua. Ut enim ad minim veniam, quis nostrud exercitation ullamco laboris nisi ut aliquip ex ea commodo consequat. Duis aute irure dolor in reprehenderit in voluptate velit esse cillum dolore eu fugiat nulla pariatur. Excepteur sint occaecat cupidatat non proident, sunt in culpa qui officia deserunt mollit anim id est laborum. 12345',1,5,3,'test 3','test 3','test 3',18,5,1,'Draft',NULL,NULL,NULL,NULL,0,'2014-09-24 20:42:56',5,'2014-09-25 15:58:50'),('CAR_2014_0006',6,'This is an awesome title but a little long.',1,5,3,'test 3','test 3','test 3',18,5,1,'Draft',NULL,NULL,NULL,NULL,0,'2014-09-24 20:48:07',5,'2014-09-24 20:48:07'),('CAR_2014_0007',7,'This is an awesome title but a little long.',1,5,3,'test 3','test 3','test 3',18,5,1,'Draft',NULL,NULL,NULL,NULL,0,'2014-09-24 20:49:07',5,'2014-09-24 20:49:07'),('PAR_2014_0000',0,'Fighting inside the office.',2,4,2,'test 1','test 1','test 1',253,5,1,'Draft',NULL,NULL,NULL,NULL,0,'2014-09-21 21:50:51',5,'2014-09-21 21:50:51'),('PAR_2014_0001',1,'Too much tardiness.',2,4,14,'test 1','test 1','test 1',253,5,1,'Draft',NULL,NULL,NULL,NULL,0,'2014-09-21 21:51:43',5,'2014-09-21 21:51:43'),('PAR_2014_0002',2,'Eating in the workstation.',2,4,14,'test 1','test 1','test 1',253,5,1,'Draft',NULL,NULL,NULL,NULL,0,'2014-09-21 21:52:05',5,'2014-09-21 21:52:05'),('ZZZ_0001_0000',0,'[Test] Pagination',1,1,1,'text','text','text',5,5,2,'',NULL,NULL,NULL,NULL,0,'2014-09-22 00:00:00',NULL,NULL),('ZZZ_0001_0001',0,'[Test] Pagination',1,1,1,'text','text','text',5,5,2,'',NULL,NULL,NULL,NULL,0,'2014-09-23 00:00:00',NULL,NULL),('ZZZ_0001_0002',0,'[Test] Pagination',1,1,1,'text','text','text',5,5,2,'',NULL,NULL,NULL,NULL,0,'2014-09-24 00:00:00',NULL,NULL),('ZZZ_0001_0003',0,'[Test] Pagination',1,1,1,'text','text','text',5,5,2,'',NULL,NULL,NULL,NULL,0,'2014-09-25 00:00:00',NULL,NULL),('ZZZ_0001_0004',0,'[Test] Pagination',1,1,1,'text','text','text',5,5,2,'',NULL,NULL,NULL,NULL,0,'2014-09-26 00:00:00',NULL,NULL),('ZZZ_0001_0005',0,'[Test] Pagination',1,1,1,'text','text','text',5,5,2,'',NULL,NULL,NULL,NULL,0,'2014-09-27 00:00:00',NULL,NULL),('ZZZ_0001_0006',0,'[Test] Pagination',1,1,1,'text','text','text',5,5,2,'',NULL,NULL,NULL,NULL,0,'2014-09-28 00:00:00',NULL,NULL),('ZZZ_0001_0007',0,'[Test] Pagination',1,1,1,'text','text','text',5,5,2,'',NULL,NULL,NULL,NULL,0,'2014-09-29 00:00:00',NULL,NULL),('ZZZ_0001_0008',0,'[Test] Pagination',1,1,1,'text','text','text',5,5,2,'',NULL,NULL,NULL,NULL,0,'2014-09-30 00:00:00',NULL,NULL),('ZZZ_0001_0009',0,'[Test] Pagination',1,1,1,'text','text','text',5,5,2,'',NULL,NULL,NULL,NULL,0,'2014-10-01 00:00:00',NULL,NULL),('ZZZ_0001_0010',0,'[Test] Pagination',1,1,1,'text','text','text',5,5,1,'',NULL,NULL,NULL,NULL,0,NULL,NULL,NULL),('ZZZ_0001_0011',0,'[Test] Pagination',1,1,1,'text','text','text',5,5,1,'',NULL,NULL,NULL,NULL,0,NULL,NULL,NULL),('ZZZ_0001_0012',0,'[Test] Pagination',1,1,1,'text','text','text',5,5,1,'',NULL,NULL,NULL,NULL,0,NULL,NULL,NULL),('ZZZ_0001_0013',0,'[Test] Pagination',1,1,1,'text','text','text',5,5,1,'',NULL,NULL,NULL,NULL,0,NULL,NULL,NULL),('ZZZ_0001_0014',0,'[Test] Pagination',1,1,1,'text','text','text',5,5,1,'',NULL,NULL,NULL,NULL,0,NULL,NULL,NULL),('ZZZ_0001_0015',0,'[Test] Pagination',1,1,1,'text','text','text',5,5,1,'',NULL,NULL,NULL,NULL,0,NULL,NULL,NULL),('ZZZ_0001_0016',0,'[Test] Pagination',1,1,1,'text','text','text',5,5,1,'',NULL,NULL,NULL,NULL,0,NULL,NULL,NULL),('ZZZ_0001_0017',0,'[Test] Pagination',1,1,1,'text','text','text',5,5,1,'',NULL,NULL,NULL,NULL,0,NULL,NULL,NULL),('ZZZ_0001_0018',0,'[Test] Pagination',1,1,1,'text','text','text',5,5,1,'',NULL,NULL,NULL,NULL,0,NULL,NULL,NULL),('ZZZ_0001_0019',0,'[Test] Pagination',1,1,1,'text','text','text',5,5,1,'',NULL,NULL,NULL,NULL,0,NULL,NULL,NULL),('ZZZ_0001_0020',0,'[Test] Pagination',1,1,1,'text','text','text',5,5,1,'',NULL,NULL,NULL,NULL,0,NULL,NULL,NULL),('ZZZ_0001_0021',0,'[Test] Pagination',1,1,1,'text','text','text',5,5,1,'',NULL,NULL,NULL,NULL,0,NULL,NULL,NULL),('ZZZ_0001_0022',0,'[Test] Pagination',1,1,1,'text','text','text',5,5,1,'',NULL,NULL,NULL,NULL,0,NULL,NULL,NULL),('ZZZ_0001_0023',0,'[Test] Pagination',1,1,1,'text','text','text',5,5,1,'',NULL,NULL,NULL,NULL,0,NULL,NULL,NULL),('ZZZ_0001_0024',0,'[Test] Pagination',1,1,1,'text','text','text',5,5,1,'',NULL,NULL,NULL,NULL,0,NULL,NULL,NULL),('ZZZ_0001_0025',0,'[Test] Pagination',1,1,1,'text','text','text',5,5,1,'',NULL,NULL,NULL,NULL,0,NULL,NULL,NULL),('ZZZ_0001_0026',0,'[Test] Pagination',1,1,1,'text','text','text',5,5,1,'',NULL,NULL,NULL,NULL,0,NULL,NULL,NULL),('ZZZ_0001_0027',0,'[Test] Pagination',1,1,1,'text','text','text',5,5,1,'',NULL,NULL,NULL,NULL,0,NULL,NULL,NULL),('ZZZ_0001_0028',0,'[Test] Pagination',1,1,1,'text','text','text',5,5,1,'',NULL,NULL,NULL,NULL,0,NULL,NULL,NULL),('ZZZ_0001_0029',0,'[Test] Pagination',1,1,1,'text','text','text',5,5,1,'',NULL,NULL,NULL,NULL,0,NULL,NULL,NULL),('ZZZ_0001_0030',0,'[Test] Pagination',1,1,1,'text','text','text',5,5,1,'',NULL,NULL,NULL,NULL,0,NULL,NULL,NULL),('ZZZ_0001_0031',0,'[Test] Pagination',1,1,1,'text','text','text',5,5,1,'',NULL,NULL,NULL,NULL,0,NULL,NULL,NULL),('ZZZ_0001_0032',0,'[Test] Pagination',1,1,1,'text','text','text',5,5,1,'',NULL,NULL,NULL,NULL,0,NULL,NULL,NULL),('ZZZ_0001_0033',0,'[Test] Pagination',1,1,1,'text','text','text',5,5,1,'',NULL,NULL,NULL,NULL,0,NULL,NULL,NULL),('ZZZ_0001_0034',0,'[Test] Pagination',1,1,1,'text','text','text',5,5,1,'',NULL,NULL,NULL,NULL,0,NULL,NULL,NULL),('ZZZ_0001_0035',0,'[Test] Pagination',1,1,1,'text','text','text',5,5,1,'',NULL,NULL,NULL,NULL,0,NULL,NULL,NULL),('ZZZ_0001_0036',0,'[Test] Pagination',1,1,1,'text','text','text',5,5,1,'',NULL,NULL,NULL,NULL,0,NULL,NULL,NULL),('ZZZ_0001_0037',0,'[Test] Pagination',1,1,1,'text','text','text',5,5,1,'',NULL,NULL,NULL,NULL,0,NULL,NULL,NULL),('ZZZ_0001_0038',0,'[Test] Pagination',1,1,1,'text','text','text',5,5,1,'',NULL,NULL,NULL,NULL,0,NULL,NULL,NULL),('ZZZ_0001_0039',0,'[Test] Pagination',1,1,1,'text','text','text',5,5,1,'',NULL,NULL,NULL,NULL,0,NULL,NULL,NULL),('ZZZ_0001_0040',0,'[Test] Pagination',1,1,1,'text','text','text',5,5,1,'',NULL,NULL,NULL,NULL,0,NULL,NULL,NULL),('ZZZ_0001_0041',0,'[Test] Pagination',1,1,1,'text','text','text',5,5,1,'',NULL,NULL,NULL,NULL,0,NULL,NULL,NULL),('ZZZ_0001_0042',0,'[Test] Pagination',1,1,1,'text','text','text',5,5,1,'',NULL,NULL,NULL,NULL,0,NULL,NULL,NULL),('ZZZ_0001_0043',0,'[Test] Pagination',1,1,1,'text','text','text',5,5,1,'',NULL,NULL,NULL,NULL,0,NULL,NULL,NULL),('ZZZ_0001_0044',0,'[Test] Pagination',1,1,1,'text','text','text',5,5,1,'',NULL,NULL,NULL,NULL,0,NULL,NULL,NULL),('ZZZ_0001_0045',0,'[Test] Pagination',1,1,1,'text','text','text',5,5,1,'',NULL,NULL,NULL,NULL,0,NULL,NULL,NULL),('ZZZ_0001_0046',0,'[Test] Pagination',1,1,1,'text','text','text',5,5,1,'',NULL,NULL,NULL,NULL,0,NULL,NULL,NULL),('ZZZ_0001_0047',0,'[Test] Pagination',1,1,1,'text','text','text',5,5,1,'',NULL,NULL,NULL,NULL,0,NULL,NULL,NULL),('ZZZ_0001_0048',0,'[Test] Pagination',1,1,1,'text','text','text',5,5,1,'',NULL,NULL,NULL,NULL,0,NULL,NULL,NULL),('ZZZ_0001_0049',0,'[Test] Pagination',1,1,1,'text','text','text',5,5,1,'',NULL,NULL,NULL,NULL,0,NULL,NULL,NULL),('ZZZ_0001_0050',0,'[Test] Pagination',1,1,1,'text','text','text',5,5,1,'',NULL,NULL,NULL,NULL,0,NULL,NULL,NULL),('ZZZ_0001_0051',0,'[Test] Pagination',1,1,1,'text','text','text',5,5,1,'',NULL,NULL,NULL,NULL,0,NULL,NULL,NULL),('ZZZ_0001_0052',0,'[Test] Pagination',1,1,1,'text','text','text',5,5,1,'',NULL,NULL,NULL,NULL,0,NULL,NULL,NULL),('ZZZ_0001_0053',0,'[Test] Pagination',1,1,1,'text','text','text',5,5,1,'',NULL,NULL,NULL,NULL,0,NULL,NULL,NULL),('ZZZ_0001_0054',0,'[Test] Pagination',1,1,1,'text','text','text',5,5,1,'',NULL,NULL,NULL,NULL,0,NULL,NULL,NULL),('ZZZ_0001_0055',0,'[Test] Pagination',1,1,1,'text','text','text',5,5,1,'',NULL,NULL,NULL,NULL,0,NULL,NULL,NULL),('ZZZ_0001_0056',0,'[Test] Pagination',1,1,1,'text','text','text',5,5,1,'',NULL,NULL,NULL,NULL,0,NULL,NULL,NULL),('ZZZ_0001_0057',0,'[Test] Pagination',1,1,1,'text','text','text',5,5,1,'',NULL,NULL,NULL,NULL,0,NULL,NULL,NULL),('ZZZ_0001_0058',0,'[Test] Pagination',1,1,1,'text','text','text',5,5,1,'',NULL,NULL,NULL,NULL,0,NULL,NULL,NULL),('ZZZ_0001_0059',0,'[Test] Pagination',1,1,1,'text','text','text',5,5,1,'',NULL,NULL,NULL,NULL,0,NULL,NULL,NULL),('ZZZ_0001_0060',0,'[Test] Pagination',1,1,1,'text','text','text',5,5,1,'',NULL,NULL,NULL,NULL,0,NULL,NULL,NULL),('ZZZ_0001_0061',0,'[Test] Pagination',1,1,1,'text','text','text',5,5,1,'',NULL,NULL,NULL,NULL,0,NULL,NULL,NULL),('ZZZ_0001_0062',0,'[Test] Pagination',1,1,1,'text','text','text',5,5,1,'',NULL,NULL,NULL,NULL,0,NULL,NULL,NULL),('ZZZ_0001_0063',0,'[Test] Pagination',1,1,1,'text','text','text',5,5,1,'',NULL,NULL,NULL,NULL,0,NULL,NULL,NULL),('ZZZ_0001_0064',0,'[Test] Pagination',1,1,1,'text','text','text',5,5,1,'',NULL,NULL,NULL,NULL,0,NULL,NULL,NULL),('ZZZ_0001_0065',0,'[Test] Pagination',1,1,1,'text','text','text',5,5,1,'',NULL,NULL,NULL,NULL,0,NULL,NULL,NULL),('ZZZ_0001_0066',0,'[Test] Pagination',1,1,1,'text','text','text',5,5,1,'',NULL,NULL,NULL,NULL,0,NULL,NULL,NULL),('ZZZ_0001_0067',0,'[Test] Pagination',1,1,1,'text','text','text',5,5,1,'',NULL,NULL,NULL,NULL,0,NULL,NULL,NULL),('ZZZ_0001_0068',0,'[Test] Pagination',1,1,1,'text','text','text',5,5,1,'',NULL,NULL,NULL,NULL,0,NULL,NULL,NULL),('ZZZ_0001_0069',0,'[Test] Pagination',1,1,1,'text','text','text',5,5,1,'',NULL,NULL,NULL,NULL,0,NULL,NULL,NULL),('ZZZ_0001_0070',0,'[Test] Pagination',1,1,1,'text','text','text',5,5,1,'',NULL,NULL,NULL,NULL,0,NULL,NULL,NULL),('ZZZ_0001_0071',0,'[Test] Pagination',1,1,1,'text','text','text',5,5,1,'',NULL,NULL,NULL,NULL,0,NULL,NULL,NULL),('ZZZ_0001_0072',0,'[Test] Pagination',1,1,1,'text','text','text',5,5,1,'',NULL,NULL,NULL,NULL,0,NULL,NULL,NULL),('ZZZ_0001_0073',0,'[Test] Pagination',1,1,1,'text','text','text',5,5,1,'',NULL,NULL,NULL,NULL,0,NULL,NULL,NULL),('ZZZ_0001_0074',0,'[Test] Pagination',1,1,1,'text','text','text',5,5,1,'',NULL,NULL,NULL,NULL,0,NULL,NULL,NULL),('ZZZ_0001_0075',0,'[Test] Pagination',1,1,1,'text','text','text',5,5,1,'',NULL,NULL,NULL,NULL,0,NULL,NULL,NULL),('ZZZ_0001_0076',0,'[Test] Pagination',1,1,1,'text','text','text',5,5,1,'',NULL,NULL,NULL,NULL,0,NULL,NULL,NULL),('ZZZ_0001_0077',0,'[Test] Pagination',1,1,1,'text','text','text',5,5,1,'',NULL,NULL,NULL,NULL,0,NULL,NULL,NULL),('ZZZ_0001_0078',0,'[Test] Pagination',1,1,1,'text','text','text',5,5,1,'',NULL,NULL,NULL,NULL,0,NULL,NULL,NULL),('ZZZ_0001_0079',0,'[Test] Pagination',1,1,1,'text','text','text',5,5,1,'',NULL,NULL,NULL,NULL,0,NULL,NULL,NULL),('ZZZ_0001_0080',0,'[Test] Pagination',1,1,1,'text','text','text',5,5,1,'',NULL,NULL,NULL,NULL,0,NULL,NULL,NULL),('ZZZ_0001_0081',0,'[Test] Pagination',1,1,1,'text','text','text',5,5,1,'',NULL,NULL,NULL,NULL,0,NULL,NULL,NULL),('ZZZ_0001_0082',0,'[Test] Pagination',1,1,1,'text','text','text',5,5,1,'',NULL,NULL,NULL,NULL,0,NULL,NULL,NULL),('ZZZ_0001_0083',0,'[Test] Pagination',1,1,1,'text','text','text',5,5,1,'',NULL,NULL,NULL,NULL,0,NULL,NULL,NULL),('ZZZ_0001_0084',0,'[Test] Pagination',1,1,1,'text','text','text',5,5,1,'',NULL,NULL,NULL,NULL,0,NULL,NULL,NULL),('ZZZ_0001_0085',0,'[Test] Pagination',1,1,1,'text','text','text',5,5,1,'',NULL,NULL,NULL,NULL,0,NULL,NULL,NULL),('ZZZ_0001_0086',0,'[Test] Pagination',1,1,1,'text','text','text',5,5,1,'',NULL,NULL,NULL,NULL,0,NULL,NULL,NULL),('ZZZ_0001_0087',0,'[Test] Pagination',1,1,1,'text','text','text',5,5,1,'',NULL,NULL,NULL,NULL,0,NULL,NULL,NULL),('ZZZ_0001_0088',0,'[Test] Pagination',1,1,1,'text','text','text',5,5,1,'',NULL,NULL,NULL,NULL,0,NULL,NULL,NULL),('ZZZ_0001_0089',0,'[Test] Pagination',1,1,1,'text','text','text',5,5,1,'',NULL,NULL,NULL,NULL,0,NULL,NULL,NULL),('ZZZ_0001_0090',0,'[Test] Pagination',1,1,1,'text','text','text',5,5,1,'',NULL,NULL,NULL,NULL,0,NULL,NULL,NULL),('ZZZ_0001_0091',0,'[Test] Pagination',1,1,1,'text','text','text',5,5,1,'',NULL,NULL,NULL,NULL,0,NULL,NULL,NULL),('ZZZ_0001_0092',0,'[Test] Pagination',1,1,1,'text','text','text',5,5,1,'',NULL,NULL,NULL,NULL,0,NULL,NULL,NULL),('ZZZ_0001_0093',0,'[Test] Pagination',1,1,1,'text','text','text',5,5,1,'',NULL,NULL,NULL,NULL,0,NULL,NULL,NULL),('ZZZ_0001_0094',0,'[Test] Pagination',1,1,1,'text','text','text',5,5,1,'',NULL,NULL,NULL,NULL,0,NULL,NULL,NULL),('ZZZ_0001_0095',0,'[Test] Pagination',1,1,1,'text','text','text',5,5,1,'',NULL,NULL,NULL,NULL,0,NULL,NULL,NULL),('ZZZ_0001_0096',0,'[Test] Pagination',1,1,1,'text','text','text',5,5,1,'',NULL,NULL,NULL,NULL,0,NULL,NULL,NULL),('ZZZ_0001_0097',0,'[Test] Pagination',1,1,1,'text','text','text',5,5,1,'',NULL,NULL,NULL,NULL,0,NULL,NULL,NULL),('ZZZ_0001_0098',0,'[Test] Pagination',1,1,1,'text','text','text',5,5,1,'',NULL,NULL,NULL,NULL,0,NULL,NULL,NULL),('ZZZ_0001_0099',0,'[Test] Pagination',1,1,1,'text','text','text',5,5,1,'',NULL,NULL,NULL,NULL,0,NULL,NULL,NULL);
/*Table structure for table `process` */

DROP TABLE IF EXISTS `process`;

CREATE TABLE `process` (
  `id` int(11) NOT NULL AUTO_INCREMENT,
  `name` varchar(255) DEFAULT NULL,
  PRIMARY KEY (`id`)
) ENGINE=InnoDB AUTO_INCREMENT=18 DEFAULT CHARSET=latin1;

/*Data for the table `process` */

insert  into `process`(`id`,`name`) values (1,'Accounting Services'),(2,'Business Planning'),(3,'Corporate Administration'),(4,'Internal Audit Services'),(5,'Document and Records Management'),(6,'Executive Office Liaison'),(7,'Enterprise Risk Management'),(8,'Human Resource Management'),(9,'Investor Relations'),(10,'Information Technology Services'),(11,'Legal and Corporate Services'),(12,'Order Handling'),(13,'Purchasing and Asset Management'),(14,'Reputation Management'),(15,'Support Accounting'),(16,'Strategy and Corporate Finance'),(17,'Treasury Management');

/*Table structure for table `raised_as_a_result_of` */

DROP TABLE IF EXISTS `raised_as_a_result_of`;

CREATE TABLE `raised_as_a_result_of` (
  `id` int(11) NOT NULL AUTO_INCREMENT,
  `name` varchar(255) DEFAULT NULL,
  PRIMARY KEY (`id`)
) ENGINE=InnoDB AUTO_INCREMENT=11 DEFAULT CHARSET=latin1;

/*Data for the table `raised_as_a_result_of` */

insert  into `raised_as_a_result_of`(`id`,`name`) values (1,'3rd Party Audit'),(2,'Incident'),(3,'Internal Audit'),(4,'AIMS Process Assessment / Review'),(5,'Group Internal Audit'),(6,'Management Review'),(7,'Observation'),(8,'Risk Assessment o Risk Treatment Plan'),(9,'Supplier Audit'),(10,'Others');